type,role,mac,rssi,rate,sig_mode,mcs,bandwidth,smoothing,not_sounding,aggregation,stbc,fec_coding,sgi,noise_floor,ampdu_cnt,channel,secondary_channel,local_timestamp,ant,sig_len,rx_state,real_time_set,real_timestamp,len,CSI_DATA
CSI_DATA,PASSIVE,3E:82:C0:FC:05:08,-77,11,0,0,0,0,0,0,0,0,0,-96,0,6,0,2528782,0,212,0,0,2.87592,128,[-44 64 13 0 -22 -12 -21 -19 -15 -5 1 -19 -4 -6 -7 -19 -8 -6 2 -17 -3 -1 -3 -13 -13 -18 -14 -12 -9 -15 -3 3 -1 -7 -9 -10 -14 -11 5 -10 -8 -13 -13 1 -1 -15 -2 -12 1 -7 5 -7 -4 -17 0 0 0 0 0 0 0 0 0 0 0 0 0 0 0 0 0 0 0 0 0 0 3 -8 6 0 -1 -8 9 -7 5 -9 7 -4 2 -1 1 2 -3 -1 -12 -7 -13 -9 -13 -17 -11 -9 -14 -6 -14 -14 -16 -7 -16 -9 -17 -8 -25 -12 -15 -10 -21 -14 -22 0 -30 -8 -26 3 -26 -13 -21 -8 ]
CSI_DATA,PASSIVE,3E:82:C0:FC:05:0A,-77,11,0,0,0,0,0,0,0,0,0,-96,0,6,0,2529123,0,212,0,0,2.91045,128,[-44 64 13 0 -1 19 5 16 1 21 -7 14 2 12 -19 30 -1 20 -5 23 -13 18 -12 8 -4 17 0 12 1 12 -5 13 -18 12 -6 21 -4 16 -14 16 -5 12 -3 9 -6 13 -9 26 -11 13 -10 10 5 3 0 0 0 0 0 0 0 0 0 0 0 0 0 0 0 0 0 0 0 0 0 0 -12 -6 -12 -9 -14 -14 -17 -9 6 0 -6 -2 -6 5 -3 2 -3 11 -4 8 8 5 2 14 1 11 8 18 -2 24 1 21 6 19 3 20 6 25 2 8 4 38 -3 22 7 18 10 30 14 29 16 29 ]
CSI_DATA,PASSIVE,3E:82:C0:FC:05:0D,-77,11,0,0,0,0,0,0,0,0,0,-96,0,6,0,2581617,0,212,0,0,2.9495,128,[-44 64 13 0 -35 -2 -27 -6 -24 -18 -20 -8 -14 -15 -11 -4 -17 -6 -19 -8 -14 -19 -15 1 -14 3 -15 -9 -5 0 -13 -3 -9 16 -9 1 -14 13 -8 -4 -17 -11 -7 -1 -17 6 -16 6 -24 5 -29 -4 -5 -3 0 0 0 0 0 0 0 0 0 0 0 0 0 0 0 0 0 0 0 0 0 0 8 6 1 1 11 3 10 1 7 -1 7 -9 -4 -1 -1 -3 -17 -3 -11 -8 -9 -9 -13 -12 -19 -4 -21 -11 -12 -11 -20 -7 -15 -13 -28 -14 -19 -16 -31 -6 -27 -1 -30 13 -27 -3 -25 5 -25 -11 -28 5 ]
CSI_DATA,PASSIVE,3E:82:C0:FC:05:0D,-77,11,0,0,0,0,0,0,0,0,0,-96,0,6,0,16611993,0,30,0,0,16.9557,128,[30 -32 1 0 -29 -34 -31 -26 -25 -29 -14 -30 -10 -30 -5 -25 -18 -32 -17 -20 -15 -14 -13 -20 -17 -1 -11 -8 -3 -4 -6 2 -27 2 3 -5 6 -2 -1 1 -4 1 4 1 2 2 3 14 -2 3 -8 3 10 1 0 0 0 0 0 0 0 0 0 0 0 0 0 0 0 0 0 0 0 0 0 0 4 10 -1 4 8 4 -5 18 2 15 -1 15 4 9 -2 16 3 2 -10 7 -14 18 -2 11 -19 5 -11 5 -19 5 -17 1 -26 -8 -23 -14 -14 -12 -15 -18 -13 -20 -35 -24 -23 -23 -21 -19 -37 -30 -37 -23 ]
CSI_DATA,PASSIVE,3E:82:C0:FC:05:08,-76,11,0,0,0,0,0,0,0,0,0,-96,0,6,0,26541408,0,212,0,0,26.8854,128,[-44 64 13 0 -8 7 -17 4 -3 13 0 9 1 22 6 20 6 15 18 12 3 17 8 0 26 13 22 6 13 -4 22 -8 12 -6 13 -8 5 3 -2 -13 10 -9 -5 -23 13 -8 10 -9 10 -4 3 -1 3 0 0 0 0 0 0 0 0 0 0 0 0 0 0 0 0 0 0 0 0 0 0 0 -22 -2 -28 -13 -26 -13 -17 1 -13 -17 -19 -9 -16 -17 -23 -12 -19 -30 -22 -22 -1 -19 -11 -12 -5 -20 -8 -21 -9 -21 -1 -19 -1 -13 -6 -8 -13 -10 -9 -20 -17 -12 -23 -11 -29 -20 -20 -15 -18 -5 -17 -6 ]
CSI_DATA,PASSIVE,3E:82:C0:FC:05:0D,-78,11,0,0,0,0,0,0,0,0,0,-96,0,6,0,47740527,0,212,0,0,48.0845,128,[-44 64 13 0 -25 19 -20 15 -14 14 -22 13 -13 10 -26 12 -15 17 -5 9 -23 19 -18 15 0 17 -7 13 -1 15 5 9 6 12 3 7 1 7 -1 7 6 9 7 4 5 -10 7 -3 7 -5 10 8 9 -6 0 0 0 0 0 0 0 0 0 0 0 0 0 0 0 0 0 0 0 0 0 0 -3 -10 11 1 14 -4 21 -10 16 -9 7 -5 20 0 23 3 22 6 18 13 15 14 11 9 15 9 17 5 -1 14 21 8 4 5 1 6 -3 0 3 3 0 7 -1 8 -2 3 -9 23 -14 23 -12 17 ]
CSI_DATA,PASSIVE,3E:82:C0:FC:05:0A,-78,11,0,0,0,0,0,0,0,0,0,-96,0,6,0,53555651,0,212,0,0,53.8996,128,[-44 64 13 0 -31 -25 -17 -19 -22 -11 -14 -27 -28 -22 -19 -11 -29 -6 -17 -14 -25 -6 -21 1 -25 -4 -15 0 -2 -11 -21 -1 6 1 -10 5 -7 0 7 12 2 3 -5 2 2 6 -3 4 2 12 8 20 2 15 0 0 0 0 0 0 0 0 0 0 0 0 0 0 0 0 0 0 0 0 0 0 0 10 0 18 -7 2 -11 14 -7 16 -14 18 -6 16 -5 8 -17 16 -24 7 -19 4 -17 4 -10 6 -11 7 -17 0 -11 5 -6 0 -5 -1 -10 -7 -10 -1 -14 -1 -7 -9 -26 -15 -18 -19 -19 -14 -8 -20 ]
CSI_DATA,PASSIVE,3E:82:C0:FC:05:0D,-76,11,0,0,0,0,0,0,0,0,0,-96,0,6,0,53577370,0,212,0,0,53.9323,128,[-44 64 13 0 -49 -13 -36 4 -43 -8 -36 8 -32 2 -21 10 -30 9 -23 -2 -13 4 -28 11 -23 6 -15 3 3 21 -4 9 8 20 6 16 5 17 -5 5 8 7 4 4 3 0 7 -6 14 0 9 -1 17 -6 0 0 0 0 0 0 0 0 0 0 0 0 0 0 0 0 0 0 0 0 0 0 12 32 15 9 4 18 -2 24 2 8 1 35 4 21 -4 26 -32 22 -24 21 -7 34 -10 19 -14 13 0 24 -14 7 -3 -7 0 -6 -6 15 -23 6 -21 8 -18 -4 -16 3 -18 6 -24 3 -22 11 -19 7 ]
CSI_DATA,PASSIVE,3E:82:C0:FC:05:0D,-78,11,0,0,0,0,0,0,0,0,0,-96,0,6,0,56548247,0,30,0,0,56.892,128,[30 -32 1 0 -25 17 -22 9 -8 20 -21 14 -10 12 -14 12 -11 20 -13 19 -2 16 3 5 7 10 -6 17 -6 3 6 6 7 1 6 9 -3 -8 0 -2 -1 0 2 -2 -16 5 -7 3 -8 -3 -11 -2 -11 -5 0 0 0 0 0 0 0 0 0 0 0 0 0 0 0 0 0 0 0 0 0 0 -16 3 -5 7 -13 4 -18 11 -11 11 -11 -1 -18 3 -19 8 -16 8 -22 6 -15 -11 -18 9 -20 13 -16 2 -10 19 -19 10 -12 9 -8 1 -17 10 -14 8 -12 2 -15 5 -14 16 -19 13 -27 14 -25 16 ]
CSI_DATA,PASSIVE,3E:82:C0:FC:05:0D,-76,11,0,0,0,0,0,0,0,0,0,-96,0,6,0,68528068,0,98,0,0,68.8719,128,[98 32 6 0 1 -20 5 -28 10 -28 3 -27 0 -30 3 -24 -11 -29 -7 -12 -10 -7 -8 -8 -8 -4 -11 -5 0 -4 -13 5 2 1 -2 -5 5 -2 -9 4 -3 2 -6 3 -1 2 -14 6 4 14 1 17 -4 10 0 0 0 0 0 0 0 0 0 0 0 0 0 0 0 0 0 0 0 0 0 0 -10 5 -4 9 -7 9 -7 6 -6 4 -8 6 -21 16 -14 11 -21 2 -15 -2 -23 -11 -18 0 -31 -4 -32 1 -22 -2 -20 -5 -10 -3 -16 -13 -6 -7 -11 -8 -12 3 -10 -12 -7 -25 -9 -22 -9 -26 -7 -28 ]
CSI_DATA,PASSIVE,3E:82:C0:FC:05:08,-77,11,0,0,0,0,0,0,0,0,0,-96,0,6,0,68563403,0,212,0,0,68.9074,128,[-44 64 13 0 -23 12 -35 9 -31 4 -17 10 -16 11 -15 30 -4 11 -3 11 -3 11 -3 4 11 6 4 8 0 6 1 -5 7 -3 8 -11 4 -12 8 -9 7 0 -13 -9 5 -10 -12 -15 -2 -5 -9 -17 -13 -20 0 0 0 0 0 0 0 0 0 0 0 0 0 0 0 0 0 0 0 0 0 0 3 2 -7 7 -12 8 -13 12 -12 9 -13 17 -8 14 -12 16 -26 12 -11 18 -16 26 -34 13 -3 16 -9 10 -18 11 -14 12 -16 9 -7 9 -15 5 -18 8 -10 13 -1 15 -18 7 -10 7 -7 14 -34 17 ]
CSI_DATA,PASSIVE,3E:82:C0:FC:05:0A,-77,11,0,0,0,0,0,0,0,0,0,-96,0,6,0,68563744,0,212,0,0,68.9449,128,[-44 64 13 0 28 26 31 32 20 24 33 21 17 25 25 14 25 5 15 11 21 -4 14 -18 6 -10 8 15 -5 -21 -5 -7 7 -4 1 -1 1 -5 11 -6 -8 -1 -14 -4 -5 -4 -7 -6 -17 8 -15 -7 -22 3 0 0 0 0 0 0 0 0 0 0 0 0 0 0 0 0 0 0 0 0 0 0 2 -15 6 -13 12 -20 10 -6 14 -20 25 -3 12 -7 32 -5 15 -16 24 -15 26 -20 21 -5 31 -6 13 1 22 7 21 -7 14 -11 21 -11 23 -2 8 -10 19 9 19 13 26 -2 17 11 32 10 25 11 ]
CSI_DATA,PASSIVE,3E:82:C0:FC:05:0D,-75,11,0,0,0,0,0,0,0,0,0,-96,0,6,0,68630432,0,212,0,0,68.9857,128,[-44 64 13 0 -37 -6 -30 -2 -21 1 -16 3 -23 13 -18 9 -13 15 -4 6 -12 8 -3 19 2 14 6 14 -1 5 -2 10 -9 10 -4 -4 2 -6 5 -1 1 -6 -5 -11 2 -19 0 -3 0 -20 -3 -17 -1 -16 0 0 0 0 0 0 0 0 0 0 0 0 0 0 0 0 0 0 0 0 0 0 1 8 0 13 -15 3 -3 9 -11 8 -18 12 -27 10 -24 3 -23 9 -28 16 -19 10 -17 5 -12 12 -15 10 -12 9 -12 0 -7 -1 -12 3 -7 1 -15 10 -21 0 -11 15 -8 2 -18 6 -9 -3 -28 9 ]
CSI_DATA,PASSIVE,3E:82:C0:FC:05:0D,-77,11,0,0,0,0,0,0,0,0,0,-96,0,6,0,70575999,0,98,0,0,70.9198,128,[98 32 6 0 -17 -27 -24 -29 -21 -24 -16 -12 -10 -14 -3 -10 -25 -8 -18 -4 -20 -11 -10 1 -9 11 -4 9 -6 3 -4 6 4 -11 2 10 6 -4 14 -17 -3 -3 7 -3 3 0 26 -12 7 -14 7 -8 18 -2 0 0 0 0 0 0 0 0 0 0 0 0 0 0 0 0 0 0 0 0 0 0 -8 -2 -18 -4 -8 -10 -19 -2 -12 -2 -22 -3 -20 1 -14 -12 -13 -4 -25 -4 -17 -12 -28 -10 -28 -21 -18 -10 -23 -10 -25 -13 -11 -10 -15 -14 -8 -17 -12 -1 2 -17 -19 -13 -14 -5 -14 -13 -25 -13 -4 -19 ]
CSI_DATA,PASSIVE,3E:82:C0:FC:05:0D,-77,11,0,0,0,0,0,0,0,0,0,-96,0,6,0,74672120,0,212,0,0,75.0161,128,[-44 64 13 0 -12 -30 -16 -32 2 -15 -16 -28 -11 -11 -20 -7 -18 -4 -10 -9 -11 -12 -11 -1 -24 12 -20 -7 -11 0 -10 6 6 -5 7 -1 11 6 5 -2 5 0 8 7 11 -13 13 -5 10 -13 17 -8 13 5 0 0 0 0 0 0 0 0 0 0 0 0 0 0 0 0 0 0 0 0 0 0 -3 -7 -12 -3 -6 -10 -9 -6 -15 -12 -10 -15 -20 -23 -5 -15 -17 -8 -13 -26 -25 -26 -15 -27 -7 -16 -7 -32 -6 -21 -13 -6 -10 -10 -8 -14 0 -15 -9 -19 -17 -7 -11 -19 -6 -18 -12 -18 -1 -19 -2 -15 ]
CSI_DATA,PASSIVE,3E:82:C0:FC:05:08,-76,11,0,0,0,0,0,0,0,0,0,-96,0,6,0,77640016,0,212,0,0,77.984,128,[-44 64 13 0 26 12 28 10 12 14 10 10 8 17 -3 19 -11 20 -2 18 12 11 10 8 1 31 11 18 14 13 -7 21 -4 13 11 10 -4 14 3 12 2 12 6 6 0 8 4 16 -4 19 -16 8 -8 8 0 0 0 0 0 0 0 0 0 0 0 0 0 0 0 0 0 0 0 0 0 0 2 13 9 2 0 8 5 6 12 9 11 14 6 17 15 1 7 9 12 -3 5 9 17 13 32 -8 21 -4 44 4 25 -9 23 -7 24 8 27 10 29 -17 20 -6 7 3 36 -6 11 -14 29 -13 11 3 ]
CSI_DATA,PASSIVE,3E:82:C0:FC:05:08,-75,11,0,0,0,0,0,0,0,0,0,-96,0,6,0,80567260,0,212,0,0,80.9113,128,[-44 64 13 0 -25 18 -16 15 -33 10 -24 7 -20 7 -8 13 -32 5 -12 2 -24 -2 -15 -4 -18 9 -1 -4 -31 0 -21 -2 -21 2 -11 3 -13 -1 -20 5 -11 9 -7 9 -7 4 -14 -9 -16 2 -11 0 -2 14 0 0 0 0 0 0 0 0 0 0 0 0 0 0 0 0 0 0 0 0 0 0 -12 -10 -8 -7 -12 -1 -6 0 -9 -3 1 -1 -9 6 -11 -2 -12 6 -3 12 3 10 -4 15 -13 19 -19 15 -28 28 -25 20 -9 22 -14 29 -5 32 -14 30 -5 24 4 27 -2 15 -6 15 -10 31 -6 26 ]
CSI_DATA,PASSIVE,3E:82:C0:FC:05:0D,-78,11,0,0,0,0,0,0,0,0,0,-96,0,6,0,80611383,0,212,0,0,80.9554,128,[-44 64 13 0 17 34 -7 25 -3 22 -27 19 4 19 -18 15 -25 4 -24 8 -11 9 -9 15 -16 12 1 5 -14 0 -22 16 -18 3 -10 -10 -11 13 -16 20 -5 19 -19 4 -24 0 -8 14 -17 8 -15 -2 -16 5 0 0 0 0 0 0 0 0 0 0 0 0 0 0 0 0 0 0 0 0 0 0 -13 13 -4 26 -5 7 -14 5 -20 -1 -13 12 2 5 -14 2 8 30 11 23 4 9 16 21 -1 17 27 21 8 33 5 33 14 28 22 33 12 26 20 34 26 29 3 27 7 31 15 34 10 13 13 25 ]
CSI_DATA,PASSIVE,3E:82:C0:FC:05:0D,-76,11,0,0,0,0,0,0,0,0,0,-96,0,6,0,83581615,0,212,0,0,83.9256,128,[-44 64 13 0 -14 19 -21 17 -19 5 -22 6 -16 4 -15 -7 -25 -6 -25 0 -23 -3 0 0 -8 -9 -22 -3 -16 -8 -18 0 -21 -5 -20 -2 -22 1 -22 -4 -1 7 -17 0 -2 -6 4 -10 -10 -3 -2 -4 -1 -3 0 0 0 0 0 0 0 0 0 0 0 0 0 0 0 0 0 0 0 0 0 0 -10 1 -9 -2 -11 -2 -10 -8 1 -5 -14 3 0 -2 0 19 -13 5 -10 11 -12 9 -14 23 7 18 -5 28 -10 29 -10 24 -4 23 -15 23 -6 28 -7 22 0 32 -15 34 -3 30 -2 37 0 31 -4 30 ]
CSI_DATA,PASSIVE,3E:82:C0:FC:05:08,-77,11,0,0,0,0,0,0,0,0,0,-96,0,6,0,86574011,0,212,0,0,86.918,128,[-44 64 13 0 3 -18 38 -4 27 -4 29 -18 5 -8 8 -2 34 9 21 7 21 10 16 10 20 10 10 -5 31 2 10 0 2 6 12 -6 9 -22 7 -5 14 11 17 3 16 7 17 1 8 6 4 4 2 -2 0 0 0 0 0 0 0 0 0 0 0 0 0 0 0 0 0 0 0 0 0 0 27 0 1 5 25 -7 0 -12 22 0 1 5 1 -13 18 -13 0 -17 11 -16 14 -21 10 -42 -10 -31 14 -27 15 -26 1 -37 10 -36 11 -33 17 -44 0 -39 18 -33 -2 -35 -9 -30 -4 -37 15 -40 16 -46 ]
CSI_DATA,PASSIVE,3E:82:C0:FC:05:0A,-77,11,0,0,0,0,0,0,0,0,0,-96,0,6,0,86574460,0,212,0,0,86.9489,128,[-44 64 13 0 5 15 -1 37 -12 19 -10 20 -11 24 1 21 -12 10 -11 23 -14 15 -10 8 -19 13 0 13 -6 10 -5 17 -25 15 -12 5 -3 14 -7 6 0 12 -11 13 -6 11 -8 9 -9 7 -5 18 10 -7 0 0 0 0 0 0 0 0 0 0 0 0 0 0 0 0 0 0 0 0 0 0 -7 -13 -4 -5 -4 -7 -13 -6 -18 3 -13 -2 -9 -1 -9 4 -8 11 -8 13 1 15 -17 22 8 15 11 35 -2 21 -5 28 -7 24 -1 23 -1 32 3 37 12 22 9 17 21 29 18 28 18 24 13 32 ]
CSI_DATA,PASSIVE,3E:82:C0:FC:05:0D,-76,11,0,0,0,0,0,0,0,0,0,-96,0,6,0,107646730,0,212,0,0,107.991,128,[-44 64 13 0 3 1 -10 -6 -10 -4 -4 3 11 15 7 7 12 8 11 14 11 13 14 9 15 5 18 6 5 4 19 -2 13 3 24 7 10 -1 9 -6 20 -17 13 3 18 -2 16 -1 6 3 11 -1 0 7 0 0 0 0 0 0 0 0 0 0 0 0 0 0 0 0 0 0 0 0 0 0 7 18 -7 26 -5 26 -14 17 -7 16 -6 15 -20 19 -24 14 -24 5 -18 12 -11 5 -20 0 -23 1 -11 -3 -21 -9 -23 0 -25 7 -19 -18 -28 -3 -17 -4 -34 -9 -25 -9 -21 5 -38 3 -27 18 -22 16 ]
CSI_DATA,PASSIVE,3E:82:C0:FC:05:08,-76,11,0,0,0,0,0,0,0,0,0,-96,0,6,0,110584836,0,212,0,0,110.929,128,[-44 64 13 0 -8 -5 5 -17 -3 -9 -6 -5 -4 -5 -19 1 -18 1 -26 4 -29 -3 -2 10 -19 7 -17 12 -16 17 -10 14 -13 19 4 9 -12 19 3 14 -1 9 9 16 -7 18 0 10 1 5 -3 8 -1 1 0 0 0 0 0 0 0 0 0 0 0 0 0 0 0 0 0 0 0 0 0 0 13 -7 20 -4 14 -12 36 2 26 4 16 5 15 7 18 5 29 7 22 19 13 0 26 23 14 2 15 23 15 25 11 16 14 14 33 10 34 10 29 14 23 4 24 8 30 -4 36 -7 28 0 29 -1 ]
CSI_DATA,PASSIVE,3E:82:C0:FC:05:0A,-75,11,0,0,0,0,0,0,0,0,0,-96,0,6,0,110585177,0,212,0,0,110.959,128,[-44 64 13 0 2 2 9 -2 13 -8 22 3 0 -4 5 -22 19 -22 6 -12 -8 -29 8 -21 8 -22 1 -26 3 -25 -1 -17 -7 -19 -19 -14 -18 -11 -11 -3 -14 -13 -14 -5 -12 -6 -11 -9 -2 2 -7 -8 0 -1 0 0 0 0 0 0 0 0 0 0 0 0 0 0 0 0 0 0 0 0 0 0 -16 39 -20 23 -9 29 -9 24 -9 29 -12 26 -20 8 -15 19 -25 10 -15 7 -20 8 -24 9 -22 13 -17 11 -25 18 -27 -3 -22 17 -36 9 -22 13 -10 25 -22 20 -8 35 -10 15 0 34 -29 28 6 13 ]
CSI_DATA,PASSIVE,3E:82:C0:FC:05:0A,-76,11,0,0,0,0,0,0,0,0,0,-96,0,6,0,113587190,0,212,0,0,113.931,128,[-44 64 13 0 5 3 3 4 0 2 7 -1 9 -7 11 -3 24 -19 11 0 11 -13 10 -14 -2 -18 4 -5 7 -19 6 -13 15 -26 1 -11 4 -12 -2 -1 -11 -19 1 -3 13 0 2 -1 4 -13 7 -2 7 -9 0 0 0 0 0 0 0 0 0 0 0 0 0 0 0 0 0 0 0 0 0 0 13 3 18 -1 19 12 16 2 12 19 10 13 16 15 4 16 6 22 20 12 -4 15 -1 21 2 21 -8 28 0 31 -8 22 -3 25 -1 20 -4 13 -14 22 3 26 -8 12 -4 16 7 18 12 30 -3 14 ]
CSI_DATA,PASSIVE,3E:82:C0:FC:05:0D,-79,11,0,0,0,0,0,0,0,0,0,-96,0,6,0,113687117,0,212,0,0,114.031,128,[-44 64 13 0 -3 -2 13 -8 15 -13 4 -2 -1 -3 1 -12 -2 -11 -7 -23 -4 -9 -14 -3 -2 -7 -24 0 -16 -19 1 -14 -8 -9 -19 3 -11 6 -10 4 -11 0 -18 8 -10 -11 -8 2 2 1 -6 -4 -3 -9 0 0 0 0 0 0 0 0 0 0 0 0 0 0 0 0 0 0 0 0 0 0 8 22 15 28 5 15 2 21 -5 30 1 27 -3 23 -2 18 -3 17 -9 12 -5 16 -15 21 -10 24 -16 15 -21 29 -11 12 -14 16 2 14 -1 23 6 23 -3 19 2 19 7 31 8 18 16 24 11 14 ]
CSI_DATA,PASSIVE,3E:82:C0:FC:05:08,-77,11,0,0,0,0,0,0,0,0,0,-96,0,6,0,116589866,0,212,0,0,116.934,128,[-44 64 13 0 -6 10 7 5 2 5 14 13 5 17 18 10 11 8 15 -10 3 -13 20 -9 7 4 19 -17 11 -8 3 -7 13 -20 6 -16 1 -14 -6 -28 3 -14 -5 -5 -9 -14 9 -13 8 -6 -4 5 10 0 0 0 0 0 0 0 0 0 0 0 0 0 0 0 0 0 0 0 0 0 0 0 -21 3 -33 8 -30 8 -29 10 -26 -3 -24 -13 -20 -2 -21 -10 -28 -5 -27 -18 -27 -9 -12 -11 -28 -7 -18 -24 -20 -1 -22 -26 -18 -20 -17 -5 -15 -1 -14 -8 -23 -11 -28 17 -26 0 -26 -1 -17 6 -12 -2 ]
CSI_DATA,PASSIVE,3E:82:C0:FC:05:0D,-79,11,0,0,0,0,0,0,0,0,0,-96,0,6,0,116657382,0,30,0,0,117.001,128,[30 -32 1 0 -21 4 -12 9 -17 9 -9 2 -2 12 -3 25 3 9 -5 15 7 30 -5 4 9 13 6 21 4 27 -3 15 22 15 16 16 13 6 0 3 11 9 6 4 13 3 10 12 -3 4 -9 5 -3 0 0 0 0 0 0 0 0 0 0 0 0 0 0 0 0 0 0 0 0 0 0 0 -20 13 -26 15 -13 17 -25 12 -26 8 -26 9 -31 -5 -13 0 -20 -15 -23 -22 -34 -15 -26 -28 -12 -13 -16 -4 -5 -26 -4 -22 -17 -20 -15 -24 -14 -19 -13 -21 -14 -23 -28 -10 -26 -15 -5 -27 -13 -23 -25 -23 ]
CSI_DATA,PASSIVE,3E:82:C0:FC:05:0D,-78,11,0,0,0,0,0,0,0,0,0,-96,0,6,0,137649174,0,212,0,0,137.993,128,[-44 64 13 0 13 -21 10 -2 -1 -5 10 -20 -13 -15 4 -10 -17 -12 1 -5 -7 -16 -20 -15 -2 -7 -19 -3 -8 -19 -14 -5 -20 -5 -13 -5 -5 -9 -23 -22 -13 -6 -14 -11 -5 3 -7 -20 -15 -6 -12 -2 7 -1 0 0 0 0 0 0 0 0 0 0 0 0 0 0 0 0 0 0 0 0 0 0 -23 2 -11 1 -26 4 -16 -5 -22 -9 -21 -11 -14 -17 -11 -16 -1 -11 -3 -22 10 -13 -8 -19 4 -18 10 -19 9 -20 12 -20 22 -10 25 -23 15 -23 23 -22 11 -18 27 -9 27 -16 9 -11 28 -1 16 -15 ]
CSI_DATA,PASSIVE,3E:82:C0:FC:05:08,-77,11,0,0,0,0,0,0,0,0,0,-96,0,6,0,140602843,0,212,0,0,140.947,128,[-44 64 13 0 17 10 10 -5 21 -6 15 4 3 0 23 -3 6 -11 -9 -3 10 -14 0 -4 11 -8 -7 -12 -10 -7 -6 -22 -9 -10 -16 -10 -12 -14 -10 -6 -15 -14 -7 -5 -14 -22 -20 -10 -9 -15 -1 -13 8 -12 0 0 0 0 0 0 0 0 0 0 0 0 0 0 0 0 0 0 0 0 0 0 13 -13 14 -16 12 -12 12 -15 18 -8 31 -11 23 -5 21 -8 13 2 25 5 20 14 22 10 17 5 19 17 14 16 25 21 21 26 15 10 8 24 11 23 16 18 25 13 14 12 11 8 21 12 22 5 ]
CSI_DATA,PASSIVE,3E:82:C0:FC:05:0A,-76,11,0,0,0,0,0,0,0,0,0,-96,0,6,0,140603184,0,212,0,0,140.979,128,[-44 64 13 0 18 -3 7 -2 2 -14 3 -12 -2 -8 -7 -5 -8 -13 -3 -14 -3 -1 -16 -2 -5 1 -30 5 -17 -10 -16 14 -12 14 -17 5 -4 9 -21 4 -5 20 -7 17 -10 13 -9 11 -1 12 -17 5 -13 2 0 0 0 0 0 0 0 0 0 0 0 0 0 0 0 0 0 0 0 0 0 0 23 2 8 6 2 7 17 12 23 15 19 16 14 15 8 3 14 22 6 15 6 6 9 17 4 20 10 19 8 19 13 20 7 22 20 14 11 23 16 25 17 23 15 20 15 12 6 8 23 8 19 7 ]
CSI_DATA,PASSIVE,3E:82:C0:FC:05:0D,-76,11,0,0,0,0,0,0,0,0,0,-96,0,6,0,143690762,0,212,0,0,144.035,128,[-44 64 13 0 -16 -8 -17 1 -2 9 8 -2 18 10 -2 18 -2 1 2 6 19 11 14 6 4 -3 9 -1 17 -6 21 -1 22 -10 -2 -12 11 -15 4 -17 19 -6 12 -2 19 -3 19 -1 25 -6 8 -2 15 -10 0 0 0 0 0 0 0 0 0 0 0 0 0 0 0 0 0 0 0 0 0 0 -14 7 -23 10 -19 10 -23 -3 -20 6 -24 5 -13 -3 -14 6 -14 -10 -19 0 -16 -7 -12 -7 -14 -18 -13 -13 -15 -31 2 -15 -4 -18 -14 -26 -20 -6 -21 -10 -25 3 -21 -4 -27 -18 -16 -5 -13 -13 -34 -4 ]
CSI_DATA,PASSIVE,3E:82:C0:FC:05:0A,-76,11,0,0,0,0,0,0,0,0,0,-96,0,6,0,146606709,0,212,0,0,146.951,128,[-44 64 13 0 2 -12 -9 -2 -8 -7 -8 -10 -4 -10 -7 -4 -16 1 -16 -9 -6 -2 -2 3 -4 10 -13 8 -4 4 -1 8 5 3 -13 10 2 24 3 15 -3 15 7 15 -4 17 -9 2 -4 15 -6 7 0 10 0 0 0 0 0 0 0 0 0 0 0 0 0 0 0 0 0 0 0 0 0 0 18 -9 16 3 16 -5 21 -10 25 -11 19 6 14 -3 22 1 18 9 18 16 8 10 10 10 14 7 16 11 15 12 21 10 11 0 19 7 21 10 17 -2 22 10 24 10 32 3 11 1 20 -3 11 -7 ]
CSI_DATA,PASSIVE,FE:B4:53:58:90:AC,-29,10,0,0,0,0,0,0,0,0,0,-96,0,6,0,147858328,0,163,0,0,148.202,128,[-93 48 10 0 40 24 38 24 33 21 29 18 24 14 19 8 15 3 12 -4 9 -10 8 -15 7 -20 8 -24 9 -27 11 -28 13 -29 15 -27 16 -24 16 -21 15 -17 14 -14 12 -12 9 -10 7 -9 4 -9 2 -10 0 0 0 0 0 0 0 0 0 0 0 0 0 0 0 0 0 0 0 0 0 0 -15 0 -12 -2 -8 -2 -5 0 -3 3 -2 7 -2 12 -4 16 -6 21 -10 23 -14 25 -17 26 -20 26 -22 24 -22 22 -20 18 -18 16 -13 14 -7 12 -1 10 7 9 15 10 22 11 29 13 36 16 41 19 ]
CSI_DATA,PASSIVE,3E:82:C0:FC:05:08,-76,11,0,0,0,0,0,0,0,0,0,-96,0,6,0,149608131,0,212,0,0,149.952,128,[-44 64 13 0 0 -14 -8 -28 6 -28 -4 -17 2 -13 6 -19 -7 -25 9 -19 11 -19 14 -11 5 -18 8 -15 8 -15 11 -15 9 -13 4 -17 1 -6 17 -10 3 -7 13 -12 7 -18 12 -12 5 -5 3 -2 21 -4 0 0 0 0 0 0 0 0 0 0 0 0 0 0 0 0 0 0 0 0 0 0 5 2 8 -6 8 -2 4 -7 16 -10 7 -3 0 -7 11 -11 7 -19 -3 -7 1 -9 4 -23 -9 -25 -19 -28 -22 -26 -8 -46 -10 -27 -1 -28 -1 -30 -12 -24 -18 -32 -19 -18 -11 -15 -11 -18 -13 -14 -8 -22 ]
CSI_DATA,PASSIVE,3E:82:C0:FC:05:0D,-77,11,0,0,0,0,0,0,0,0,0,-96,0,6,0,149631565,0,212,0,0,149.986,128,[-44 64 13 0 -2 -8 -7 -21 -2 -15 5 -16 -11 -28 7 -21 3 -21 3 -25 9 -14 15 -16 0 -16 7 -19 17 -23 12 -19 7 -24 3 -32 14 -14 24 -12 6 -14 21 -25 1 -24 10 -11 22 15 11 -6 16 3 0 0 0 0 0 0 0 0 0 0 0 0 0 0 0 0 0 0 0 0 0 0 -5 -21 -1 -23 -12 -19 -1 -4 -4 -22 -12 -14 -20 -12 -9 10 -14 -16 -18 -1 -11 6 -15 -12 -25 -7 -34 -11 -28 -13 -29 -2 -28 -3 -26 -26 -37 -9 -17 -12 -23 -3 -26 -29 -19 -12 -27 -17 -21 7 -44 -3 ]
CSI_DATA,PASSIVE,3E:82:C0:FC:05:08,-76,11,0,0,0,0,0,0,0,0,0,-96,0,6,0,152608375,0,212,0,0,152.952,128,[-44 64 13 0 11 13 19 22 2 19 -7 20 -2 13 -4 14 -12 9 -10 8 -2 15 -13 7 0 2 -11 -1 -16 -7 -11 5 -16 17 -5 9 -16 3 -19 1 -19 26 -14 11 -11 1 -22 -1 -8 -3 -18 -1 -2 -4 0 0 0 0 0 0 0 0 0 0 0 0 0 0 0 0 0 0 0 0 0 0 16 9 14 5 -3 17 5 16 7 11 -8 -1 2 -2 2 6 9 14 14 -5 11 -8 38 8 33 1 35 4 30 1 14 3 23 10 30 14 29 1 20 -2 23 9 23 -6 19 18 13 1 26 16 18 -7 ]
CSI_DATA,PASSIVE,3E:82:C0:FC:05:0A,-76,11,0,0,0,0,0,0,0,0,0,-96,0,6,0,152608716,0,212,0,0,152.983,128,[-44 64 13 0 25 -18 27 -6 35 -2 12 -3 26 -4 21 5 10 1 24 21 9 -6 19 2 -12 -1 23 23 19 -1 13 10 17 -2 12 3 6 7 17 22 11 3 10 2 2 8 -8 9 1 7 1 6 8 5 0 0 0 0 0 0 0 0 0 0 0 0 0 0 0 0 0 0 0 0 0 0 14 8 10 11 18 4 9 0 16 -1 3 16 9 6 0 -1 16 -16 20 2 14 4 24 -9 16 -8 9 -23 30 -26 14 -30 24 -8 11 -20 19 -18 6 -6 7 -24 9 -19 4 -11 17 -20 18 -18 4 -16 ]
CSI_DATA,PASSIVE,3E:82:C0:FC:05:08,-77,11,0,0,0,0,0,0,0,0,0,-96,0,6,0,155608883,0,212,0,0,155.953,128,[-44 64 13 0 27 -25 34 -10 15 -13 28 -5 27 0 12 13 24 4 23 17 2 9 8 -1 11 10 17 8 16 7 30 -7 24 -3 7 -3 18 2 21 -3 24 -5 10 9 18 -7 7 2 11 0 9 15 12 -1 0 0 0 0 0 0 0 0 0 0 0 0 0 0 0 0 0 0 0 0 0 0 4 15 -6 10 3 15 -12 7 8 21 -6 13 18 16 -1 -1 6 6 15 18 7 8 24 -5 18 -6 41 -1 32 -10 31 -11 28 -4 22 -18 18 -1 15 -6 22 -16 17 -5 15 -24 15 -23 29 -12 13 -19 ]
CSI_DATA,PASSIVE,3E:82:C0:FC:05:0D,-76,11,0,0,0,0,0,0,0,0,0,-96,0,6,0,155671648,0,212,0,0,156.016,128,[-44 64 13 0 -3 20 -5 20 -13 3 -15 11 -23 2 -14 10 -14 8 -3 9 -13 2 -11 -1 -5 5 -3 1 -6 15 -9 5 2 0 -16 9 -14 12 -18 20 -9 -7 -10 -2 -1 5 -5 3 -17 -16 -10 -5 -2 -12 0 0 0 0 0 0 0 0 0 0 0 0 0 0 0 0 0 0 0 0 0 0 -14 -18 -11 -7 -15 -1 -13 -11 -2 -3 -2 -9 -14 -2 -14 -4 -10 0 -5 4 -12 25 -15 -3 -13 19 -20 20 -8 13 -15 24 -17 28 -11 12 -8 25 -7 17 -6 39 4 19 -3 29 0 20 4 14 -2 27 ]
CSI_DATA,PASSIVE,3E:82:C0:FC:05:0D,-75,11,0,0,0,0,0,0,0,0,0,-96,0,6,0,158641329,0,212,0,0,158.985,128,[-44 64 13 0 -27 18 -19 24 -32 4 -12 8 -1 21 0 14 0 23 1 19 6 12 6 18 -2 -2 19 -8 17 11 -1 2 -1 11 -3 -8 9 -6 2 -10 0 4 -1 -2 -1 7 -10 12 -21 6 -12 11 -18 5 0 0 0 0 0 0 0 0 0 0 0 0 0 0 0 0 0 0 0 0 0 0 -15 -5 -13 -4 -22 -15 -15 -13 -17 -10 -18 -12 -27 -7 -28 -8 -22 -11 -17 -16 -35 -3 -27 -3 -5 -2 -22 -3 -17 -8 -15 6 -13 8 0 -4 -10 1 -15 -4 -12 -5 -15 3 -13 -5 -24 -7 -10 11 -22 13 ]
CSI_DATA,PASSIVE,3E:82:C0:FC:05:08,-75,11,0,0,0,0,0,0,0,0,0,-96,0,6,0,161611567,0,212,0,0,161.956,128,[-44 64 13 0 -30 0 -28 -10 -25 -15 -33 -8 -19 -2 -13 -2 -15 -1 -8 3 -3 12 -17 11 -6 8 -14 9 -7 13 -8 10 -1 0 4 12 -9 3 0 2 -8 1 4 2 6 -4 -3 -5 9 -3 9 -11 1 -12 0 0 0 0 0 0 0 0 0 0 0 0 0 0 0 0 0 0 0 0 0 0 -13 19 -6 10 -4 13 -9 12 -17 7 -15 16 -24 8 -15 4 -25 -2 -11 11 -16 12 -14 -3 -16 10 -8 7 -13 9 -10 3 -23 1 -13 -6 -15 -6 -20 2 -16 -3 -24 -9 -21 -6 -28 -12 -21 -17 -33 -1 ]
CSI_DATA,PASSIVE,3E:82:C0:FC:05:0A,-75,11,0,0,0,0,0,0,0,0,0,-96,0,6,0,161611908,0,212,0,0,161.988,128,[-44 64 13 0 -25 6 -29 6 -27 3 -22 14 -18 6 -15 13 -1 17 -15 24 -1 11 -3 25 -3 14 5 23 -5 12 5 6 3 6 9 8 4 10 3 1 -1 -4 -2 -8 -9 -9 -7 -7 -6 -4 -7 -2 4 -13 0 0 0 0 0 0 0 0 0 0 0 0 0 0 0 0 0 0 0 0 0 0 -10 8 -17 -3 -14 0 -8 5 -17 9 -27 16 -25 14 -39 7 -27 8 -23 8 -34 10 -20 1 -22 4 -27 16 -14 15 -21 5 -16 13 -16 9 -10 -5 -11 0 -21 2 -16 -7 -8 -5 -14 3 -23 6 -29 4 ]
CSI_DATA,PASSIVE,3E:82:C0:FC:05:0D,-76,11,0,0,0,0,0,0,0,0,0,-96,0,6,0,161713373,0,212,0,0,162.057,128,[-44 64 13 0 18 -25 14 -34 18 -30 18 -21 7 -19 17 -21 2 -20 3 -33 1 -9 9 -15 10 -16 -10 -20 -11 -15 -16 -17 -6 -1 -2 1 -9 11 6 6 -1 5 0 9 -6 10 -14 3 -17 13 -7 14 -13 13 0 0 0 0 0 0 0 0 0 0 0 0 0 0 0 0 0 0 0 0 0 0 -14 2 -21 6 -16 0 -24 -1 -23 0 -21 -1 -24 -6 -28 -9 -21 -8 -30 -13 -30 -16 -21 -19 -7 -26 -19 -23 -7 -22 -15 -10 -12 -10 -11 -10 4 -10 6 -15 6 -22 6 -11 -15 -18 -1 -21 0 -25 -15 -19 ]
CSI_DATA,PASSIVE,3E:82:C0:FC:05:08,-76,11,0,0,0,0,0,0,0,0,0,-96,0,6,0,164613538,0,212,0,0,164.958,128,[-44 64 13 0 -35 0 -24 12 -26 -2 -24 -6 -28 8 -26 9 -16 13 -18 13 -20 0 -17 20 -13 16 -7 8 -1 7 17 12 -1 15 2 -2 10 -5 11 2 15 3 8 -8 2 -2 4 -11 5 -3 20 -15 5 -8 0 0 0 0 0 0 0 0 0 0 0 0 0 0 0 0 0 0 0 0 0 0 1 19 7 10 7 19 -2 22 3 14 1 16 -9 23 -5 17 3 22 -2 23 -14 25 -10 26 -19 28 -19 9 -14 13 -8 12 -14 10 -5 3 -9 2 -7 7 -8 4 -16 9 -10 9 -12 2 -23 -2 -30 4 ]
CSI_DATA,PASSIVE,3E:82:C0:FC:05:0D,-78,11,0,0,0,0,0,0,0,0,0,-96,0,6,0,164682991,0,212,0,0,165.027,128,[-44 64 13 0 -12 33 3 34 6 28 3 22 1 30 2 12 16 8 8 19 19 14 8 14 27 15 3 7 10 12 20 -1 6 1 -2 -2 13 -4 9 1 7 -14 -8 -9 -15 0 -12 -11 -9 -12 -5 -21 1 -12 0 0 0 0 0 0 0 0 0 0 0 0 0 0 0 0 0 0 0 0 0 0 8 -5 25 -10 10 -7 18 2 13 -11 15 0 22 -10 25 -3 32 8 23 -1 30 5 32 10 23 11 21 17 23 6 10 16 15 7 2 7 12 15 9 7 -6 12 11 20 -1 19 6 22 1 23 18 27 ]
CSI_DATA,PASSIVE,3E:82:C0:FC:05:0D,-77,11,0,0,0,0,0,0,0,0,0,-96,0,6,0,176563583,0,30,0,0,176.907,128,[30 -32 1 0 18 15 9 12 7 0 6 -3 -3 9 -5 -2 15 4 13 4 12 5 10 5 2 3 5 7 6 9 7 -7 11 -6 6 0 3 -6 7 2 11 -3 -3 5 9 -1 0 5 3 11 1 -1 -4 15 0 0 0 0 0 0 0 0 0 0 0 0 0 0 0 0 0 0 0 0 0 0 28 -12 25 -12 19 -16 17 -9 17 -9 12 -14 2 -12 4 0 14 5 7 2 1 16 -2 1 8 2 21 11 -3 28 4 18 -2 15 4 17 4 17 19 23 5 7 9 18 15 17 11 12 34 16 20 11 ]
CSI_DATA,PASSIVE,3E:82:C0:FC:05:0D,-77,11,0,0,0,0,0,0,0,0,0,-96,0,6,0,200729922,0,212,0,0,201.074,128,[-44 64 13 0 -6 19 -18 19 -4 11 -14 21 -10 5 4 5 -12 13 -12 9 -20 5 -29 2 -2 14 -20 6 -1 2 -20 -2 -9 2 4 4 -2 8 -6 1 -10 0 -11 16 -6 11 -10 21 -6 14 -8 11 -5 6 0 0 0 0 0 0 0 0 0 0 0 0 0 0 0 0 0 0 0 0 0 0 -9 -12 -11 -22 -3 -11 -2 -16 -7 -11 -2 -12 -2 3 -17 -1 -13 4 -11 11 -14 10 -10 13 -17 18 -22 16 -18 35 -22 26 -28 26 -12 20 -16 26 -4 21 -11 25 3 27 1 20 -1 31 0 26 -13 16 ]
CSI_DATA,PASSIVE,3E:82:C0:FC:05:08,-77,11,0,0,0,0,0,0,0,0,0,-96,0,6,0,203636106,0,212,0,0,203.98,128,[-44 64 13 0 9 -26 17 -20 11 -14 8 -13 8 -8 21 -6 9 4 16 -4 20 1 16 12 7 -1 11 -14 6 -5 10 1 8 -8 2 -10 3 -1 21 9 10 -5 20 -1 7 -8 11 5 7 5 1 -11 6 -9 0 0 0 0 0 0 0 0 0 0 0 0 0 0 0 0 0 0 0 0 0 0 3 7 6 13 5 5 13 2 10 -3 0 6 8 -10 11 5 8 -6 8 -5 6 -11 12 -14 17 -15 12 -28 20 -22 18 -24 15 -21 25 -20 11 -18 9 -23 8 -28 6 -24 -7 -35 2 -16 3 -28 14 -30 ]
CSI_DATA,PASSIVE,3E:82:C0:FC:05:0A,-76,11,0,0,0,0,0,0,0,0,0,-96,0,6,0,203636465,0,212,0,0,204.01,128,[-44 64 13 0 -25 6 -37 12 -13 -1 -16 -7 -23 2 -12 1 -18 -9 -20 -10 -15 -13 -6 -12 -21 3 -7 -12 -9 -5 -15 -24 -16 -10 -11 -10 -8 -4 -3 -7 -7 -8 -4 -3 -10 -2 -14 -6 -5 -7 -8 -11 -6 -4 0 0 0 0 0 0 0 0 0 0 0 0 0 0 0 0 0 0 0 0 0 0 -8 -7 -9 -14 -6 -12 -20 -4 -15 -3 -8 -5 -3 5 -8 0 0 10 -14 8 -15 21 -22 20 -8 25 -24 19 -21 19 -14 17 -24 18 -31 20 -9 17 -25 13 -5 30 -14 29 -3 26 -7 20 -20 21 -31 32 ]
CSI_DATA,PASSIVE,3E:82:C0:FC:05:08,-76,11,0,0,0,0,0,0,0,0,0,-96,0,6,0,206633774,0,212,0,0,206.978,128,[-44 64 13 0 -2 -28 13 -13 0 -18 0 -24 14 -15 7 -8 19 -7 8 -10 12 -13 4 -12 13 -4 9 -15 3 -7 15 -18 17 -6 -1 -19 2 -7 3 -18 2 -16 -2 -12 1 -17 7 -12 5 -6 -5 -8 5 -14 0 0 0 0 0 0 0 0 0 0 0 0 0 0 0 0 0 0 0 0 0 0 7 14 12 8 -1 7 6 5 5 6 16 3 4 2 3 3 7 3 12 -8 8 -16 6 -24 10 -29 11 -32 19 -20 4 -36 10 -33 -7 -15 8 -36 12 -22 11 -22 -1 -15 -5 -24 -22 -21 -7 -25 -15 -22 ]
CSI_DATA,PASSIVE,3E:82:C0:FC:05:08,-76,11,0,0,0,0,0,0,0,0,0,-96,0,6,0,209638528,0,212,0,0,209.983,128,[-44 64 13 0 -5 23 -9 21 -14 5 -9 13 -14 18 -16 5 -15 22 -6 13 -21 -3 -21 9 -15 9 -16 1 -13 6 -2 9 -8 9 -10 14 -4 0 -11 9 -1 7 -14 4 0 9 -9 2 6 6 -12 6 -12 -4 0 0 0 0 0 0 0 0 0 0 0 0 0 0 0 0 0 0 0 0 0 0 -6 -9 -8 -13 -7 -16 -6 -15 -1 -9 -12 -15 -12 1 -6 2 -1 12 -12 5 -12 13 -14 19 -19 25 -22 21 -9 23 -13 27 -19 19 -13 25 -21 30 -9 22 0 22 -7 29 -12 25 -7 20 -10 19 0 29 ]
CSI_DATA,PASSIVE,3E:82:C0:FC:05:08,-77,11,0,0,0,0,0,0,0,0,0,-96,0,6,0,212637390,0,212,0,0,212.981,128,[-44 64 13 0 9 23 -6 33 -15 19 -19 29 -14 24 -11 22 -24 -1 -18 19 -17 7 -26 6 -13 14 -22 16 -19 12 -24 11 -17 15 -15 9 -9 19 -12 6 -27 12 -4 8 -11 -8 -18 1 -17 9 -1 -1 0 -2 0 0 0 0 0 0 0 0 0 0 0 0 0 0 0 0 0 0 0 0 0 0 -23 -5 -29 -7 -20 0 -24 -15 -26 -19 -21 -18 -9 -4 -10 -1 -6 14 5 8 -10 33 -10 33 1 12 -2 36 -5 32 -10 32 1 38 -10 33 5 33 -1 31 8 26 8 17 3 28 4 37 19 28 19 37 ]
CSI_DATA,PASSIVE,3E:82:C0:FC:05:0A,-79,11,0,0,0,0,0,0,0,0,0,-96,0,6,0,212637731,0,212,0,0,213.014,128,[-44 64 13 0 2 33 -17 24 0 8 -7 14 3 18 -13 7 -2 9 0 9 -3 12 -2 20 -7 14 -3 17 -13 9 -6 12 -1 13 -14 -4 5 9 1 27 2 17 1 14 0 6 -7 22 4 7 4 3 -2 18 0 0 0 0 0 0 0 0 0 0 0 0 0 0 0 0 0 0 0 0 0 0 -16 -25 -17 -14 -12 -21 -12 -13 -12 -8 -8 -10 -14 12 -12 -7 -7 3 -14 7 -11 15 -11 11 -8 13 -11 36 -8 25 -16 22 -6 25 -2 28 7 20 0 25 -3 26 3 26 3 16 12 13 16 17 2 24 ]
CSI_DATA,PASSIVE,3E:82:C0:FC:05:0D,-77,11,0,0,0,0,0,0,0,0,0,-96,0,6,0,216806893,0,30,0,0,217.151,128,[30 -32 1 0 -21 -19 -2 -21 -6 -22 -23 -17 8 -17 -5 -20 2 -13 8 -8 -7 -17 4 -8 4 -24 3 -11 -10 -5 7 3 5 -6 7 -21 23 -13 12 -14 11 -24 5 -5 5 -1 -4 3 18 2 12 -4 17 5 0 0 0 0 0 0 0 0 0 0 0 0 0 0 0 0 0 0 0 0 0 0 7 -14 -1 -4 14 -17 6 -16 17 -15 5 -13 9 -13 -3 2 -3 -9 -15 -10 -21 -9 -20 -5 -25 1 -28 -11 -17 -25 -46 -23 -22 -32 -23 -10 -14 -17 -24 -4 -20 -14 -26 -12 -23 -28 -17 -15 -27 -12 -19 -6 ]
CSI_DATA,PASSIVE,3E:82:C0:FC:05:08,-79,11,0,0,0,0,0,0,0,0,0,-96,0,6,0,257659818,0,212,0,0,258.004,128,[-44 64 13 0 23 13 14 4 6 25 13 16 -5 28 -3 16 -3 9 -14 15 -7 23 6 20 4 14 7 9 -2 6 -3 21 -7 13 -5 20 -14 21 0 33 -3 29 -8 17 8 0 -10 8 -1 -3 -1 4 3 -1 0 0 0 0 0 0 0 0 0 0 0 0 0 0 0 0 0 0 0 0 0 0 -8 13 4 17 -2 16 -4 6 1 7 -1 2 7 7 11 0 5 9 4 -8 21 1 10 7 20 14 17 8 36 3 43 14 20 -5 28 1 18 -6 37 2 20 8 21 5 14 -13 31 12 19 13 34 -7 ]
CSI_DATA,PASSIVE,3E:82:C0:FC:05:0A,-77,11,0,0,0,0,0,0,0,0,0,-96,0,6,0,257660159,0,212,0,0,258.033,128,[-44 64 13 0 -29 13 -30 7 -18 4 -17 -7 -13 -7 -12 -9 -16 -15 -9 -3 -13 -13 2 -15 -17 -21 -14 -11 -12 -24 -15 -17 -15 -6 5 -18 -12 -9 -5 -24 -18 -19 4 -17 5 -26 13 -15 -3 -11 -10 -5 8 -11 0 0 0 0 0 0 0 0 0 0 0 0 0 0 0 0 0 0 0 0 0 0 -16 -12 -12 8 -17 -8 -26 -2 -14 12 -11 -6 -17 7 -9 -3 -6 -5 -11 2 -14 26 -7 21 -20 17 -23 9 -19 19 -21 9 -22 11 -13 20 -14 5 -20 20 -10 23 -10 23 -5 28 -25 17 -16 31 -21 18 ]
CSI_DATA,PASSIVE,3E:82:C0:FC:05:0D,-75,11,0,0,0,0,0,0,0,0,0,-96,0,6,0,257773709,0,212,0,0,258.118,128,[-44 64 13 0 3 -15 1 -24 4 -21 10 -7 10 -15 17 -5 10 4 25 5 17 -6 16 0 13 -2 4 2 7 4 9 17 13 -5 23 -8 11 0 10 -1 5 13 14 8 10 -6 -2 1 -3 -4 -6 -7 -12 13 0 0 0 0 0 0 0 0 0 0 0 0 0 0 0 0 0 0 0 0 0 0 -2 -11 -4 -18 -8 -19 -9 -7 2 -7 5 -3 8 -9 -4 -2 -7 -17 -7 8 -16 -11 -15 -12 -17 -20 -25 -8 -24 -7 -22 -13 -13 -4 -11 -17 -6 -22 -11 -16 -9 -20 -13 -21 -21 -24 -18 -16 -27 -20 -18 -33 ]
CSI_DATA,PASSIVE,3E:82:C0:FC:05:08,-77,11,0,0,0,0,0,0,0,0,0,-96,0,6,0,260661842,0,212,0,0,261.006,128,[-44 64 13 0 29 -4 24 10 30 -2 18 7 8 -8 19 15 23 13 17 23 0 2 6 9 14 16 16 5 13 0 25 -4 12 3 7 0 20 5 19 0 11 -1 15 7 2 2 13 6 11 4 11 2 8 10 0 0 0 0 0 0 0 0 0 0 0 0 0 0 0 0 0 0 0 0 0 0 3 17 -2 19 -6 19 0 18 -5 1 -7 18 -7 10 12 11 5 14 17 4 17 7 38 3 20 -2 24 -1 32 -1 30 -11 47 2 21 -1 27 7 33 -13 29 -9 13 -5 12 -18 24 -24 25 -19 24 -13 ]
CSI_DATA,PASSIVE,3E:82:C0:FC:05:08,-75,11,0,0,0,0,0,0,0,0,0,-96,0,6,0,263663072,0,212,0,0,264.007,128,[-44 64 13 0 -6 22 0 17 -13 27 -3 28 -5 29 -10 18 -18 18 -9 10 -9 4 -20 3 4 -3 -10 4 -2 19 -5 16 15 -3 0 17 -10 7 2 17 -11 6 -7 8 -4 5 -11 14 -8 3 -6 3 -10 3 0 0 0 0 0 0 0 0 0 0 0 0 0 0 0 0 0 0 0 0 0 0 -12 3 -16 2 -13 7 -12 14 -8 11 -13 7 -11 5 -12 4 -6 19 11 15 2 23 5 21 8 21 6 15 3 31 2 39 7 21 16 20 18 23 10 16 8 23 9 15 9 24 -6 15 6 26 14 39 ]
CSI_DATA,PASSIVE,3E:82:C0:FC:05:0A,-76,11,0,0,0,0,0,0,0,0,0,-96,0,6,0,263663413,0,212,0,0,264.037,128,[-44 64 13 0 -30 -17 -16 2 -19 -8 -20 -14 -3 -32 -11 -24 -11 -20 -4 -20 2 -22 -3 -9 -5 -22 -22 -15 -9 -4 0 -6 -8 -3 -11 -7 -6 -10 -13 -16 -3 -10 -11 -15 -2 -22 -5 -5 -15 -4 1 -2 0 -12 0 0 0 0 0 0 0 0 0 0 0 0 0 0 0 0 0 0 0 0 0 0 9 -20 -5 -6 -1 -14 7 -13 9 -8 -3 -24 2 -14 1 -7 -9 -3 -19 -7 -15 -15 -24 -5 -18 -6 -20 -9 -24 -5 -29 -16 -21 -11 -21 -8 -29 -16 -18 -18 -24 -14 -32 -1 -26 1 -28 3 -36 3 -33 -10 ]
CSI_DATA,PASSIVE,3E:82:C0:FC:05:0D,-76,11,0,0,0,0,0,0,0,0,0,-96,0,6,0,266675068,0,212,0,0,267.019,128,[-44 64 13 0 17 -10 21 -8 29 -10 19 -22 8 -8 16 -4 15 0 16 9 19 -2 6 3 17 7 14 6 13 10 23 6 21 7 0 4 20 7 2 7 13 3 12 5 2 -2 -5 11 6 12 9 24 -1 8 0 0 0 0 0 0 0 0 0 0 0 0 0 0 0 0 0 0 0 0 0 0 4 -8 5 -12 6 -2 -1 -9 6 -7 17 -17 13 -17 15 -10 2 -20 -3 -3 -4 -12 -4 -8 -6 -20 -1 -9 8 -28 11 -29 10 -22 12 -18 -7 -35 9 -31 9 -16 8 -22 6 -22 -4 -35 -10 -33 3 -33 ]
CSI_DATA,PASSIVE,3E:82:C0:FC:05:08,-77,11,0,0,0,0,0,0,0,0,0,-96,0,6,0,314691026,0,212,0,0,315.035,128,[-44 64 13 0 14 -30 1 -35 4 -44 2 -11 9 -21 7 -29 -6 -23 0 -25 -6 -24 -7 -8 -2 -24 2 -2 0 -1 7 -12 -8 -14 3 -9 -9 5 -2 1 4 8 12 8 -4 3 -3 10 -12 20 -4 24 1 17 0 0 0 0 0 0 0 0 0 0 0 0 0 0 0 0 0 0 0 0 0 0 -12 5 -13 5 -13 6 -17 13 -8 -1 -21 1 -22 -7 -19 12 -7 0 -28 -6 -30 -11 -27 -9 -25 -8 -10 -11 -23 -13 -21 -21 -7 -14 -16 -16 -18 -11 1 -17 -18 -11 -4 -16 -14 -34 -10 -21 -2 -37 11 -34 ]
CSI_DATA,PASSIVE,3E:82:C0:FC:05:0A,-75,11,0,0,0,0,0,0,0,0,0,-96,0,6,0,314691366,0,212,0,0,315.069,128,[-44 64 13 0 21 2 35 1 21 10 29 16 19 -9 27 -3 14 -12 16 -7 17 -20 19 -6 14 -7 8 -6 8 1 -9 -8 1 -2 6 6 -2 1 -2 3 -4 8 -6 6 -10 0 -13 9 -8 8 -7 5 -13 14 0 0 0 0 0 0 0 0 0 0 0 0 0 0 0 0 0 0 0 0 0 0 -1 -7 8 -1 7 -11 13 -16 7 -16 18 -21 8 -9 13 -12 20 -25 5 -25 29 -7 12 -16 16 -18 12 -19 16 -2 16 -8 12 -9 15 -6 11 2 17 -3 19 -12 21 -3 17 2 21 0 19 5 23 6 ]
CSI_DATA,PASSIVE,3E:82:C0:FC:05:0D,-76,11,0,0,0,0,0,0,0,0,0,-96,0,6,0,314701240,0,212,0,0,315.108,128,[-44 64 13 0 12 26 16 15 13 20 4 23 8 7 24 5 17 3 22 -14 18 6 9 -2 19 -18 13 -9 10 1 3 -2 -2 -10 -6 -5 6 -7 -4 8 -1 8 2 9 0 17 -2 10 -2 17 13 8 7 22 0 0 0 0 0 0 0 0 0 0 0 0 0 0 0 0 0 0 0 0 0 0 -10 8 -19 3 -21 7 4 12 3 20 -16 24 -5 22 -15 27 -4 29 -18 21 -5 17 -15 12 -1 17 -7 21 10 18 -2 19 -17 21 -4 18 -4 -3 6 25 0 19 20 14 3 20 7 34 13 25 -2 11 ]
CSI_DATA,PASSIVE,3E:82:C0:FC:05:0D,-77,11,0,0,0,0,0,0,0,0,0,-96,0,6,0,315214419,0,98,0,0,315.558,128,[98 32 6 0 -17 -15 -11 -16 -15 -27 -5 -26 -26 -15 -26 -15 -10 -13 -18 -5 -27 -9 -23 -12 -25 -6 -18 12 -15 -1 -9 -1 -16 7 -3 -7 -6 -5 6 -10 -4 1 7 -5 12 -3 18 -10 10 1 12 2 22 4 0 0 0 0 0 0 0 0 0 0 0 0 0 0 0 0 0 0 0 0 0 0 6 12 -7 2 -10 -3 -6 5 1 -1 -26 0 -18 9 -28 3 -25 3 -23 3 -22 -1 -17 15 -20 2 -23 -4 -11 1 -20 -3 -8 -3 -8 -2 -7 2 -12 -4 -12 -5 -7 -5 -7 -18 -20 -8 -20 -13 -22 -36 ]
CSI_DATA,PASSIVE,3E:82:C0:FC:05:0D,-76,11,0,0,0,0,0,0,0,0,0,-96,0,6,0,316852845,0,30,0,0,317.197,128,[30 -32 1 0 29 -22 26 -9 28 -34 25 -17 23 -7 14 -16 30 -20 19 -28 18 -31 9 -27 -2 -16 2 -6 4 -14 5 -14 4 9 1 -15 5 -17 -2 -1 1 12 -10 13 5 11 -3 21 -7 10 -6 26 -8 27 0 0 0 0 0 0 0 0 0 0 0 0 0 0 0 0 0 0 0 0 0 0 3 -11 -14 -14 -14 -4 -3 -16 -2 -11 4 -7 -5 -12 -3 -30 0 -33 4 -31 6 -25 -2 -25 -4 -16 -3 -32 -10 -18 8 -9 -7 -24 12 -26 -6 -8 -4 -2 -1 -18 0 -2 4 -13 13 -8 25 -8 11 -5 ]
CSI_DATA,PASSIVE,3E:82:C0:FC:05:0D,-77,11,0,0,0,0,0,0,0,0,0,-96,0,6,0,350746635,0,212,0,0,351.091,128,[-44 64 13 0 -28 26 -25 32 -23 -15 -37 -10 -25 -15 -16 -10 -15 3 -15 0 -18 -19 -23 -12 0 -5 -12 -2 -7 -5 2 -2 -20 -8 -8 -7 -18 4 -4 -3 -22 -2 -13 -7 -20 -7 -13 3 -4 -4 -24 -2 -13 -2 0 0 0 0 0 0 0 0 0 0 0 0 0 0 0 0 0 0 0 0 0 0 0 -7 -3 2 7 -5 -7 -7 -7 3 -4 -8 -1 7 -7 -1 3 2 -25 5 -20 28 -24 14 -20 11 -26 25 -32 17 -22 19 -32 17 -5 19 -31 9 -25 11 -18 14 -18 16 -20 20 -33 24 -22 42 -24 32 ]
CSI_DATA,PASSIVE,3E:82:C0:FC:05:0D,-75,11,0,0,0,0,0,0,0,0,0,-96,0,6,0,353819851,0,212,0,0,354.164,128,[-44 64 13 0 16 17 19 15 11 26 14 8 -3 18 6 19 5 12 -6 18 -4 3 16 14 4 4 10 12 -10 -11 1 5 10 6 13 16 5 5 18 1 8 2 4 1 11 19 3 10 -5 6 2 16 4 0 0 0 0 0 0 0 0 0 0 0 0 0 0 0 0 0 0 0 0 0 0 0 -14 4 -13 7 -6 